<?xml version="1.0"?>
<info>
	<id>files_filter</id>
	<name>File filter</name>
	<description>
	This App is a simple file filter for your custom cloud. Files Filter gives you the opportunity to allow only specific file types (MIME) for upload. The App allows you to inspect the uploaded files. It inspects your file after the upload and deletes it immediately if it doesn’t match the filter. You can also activate the filter only for specific groups in your cloud.	</description>
	<licence>MIT License</licence>
	<author>Musa-A. A</author>
	<shipped>true</shipped>
	<default_enable/>
	<version>1.1.0</version>
	<types>
		<filesystem/>
	</types>
	<dependencies>
		<owncloud min-version="8.2" />
	</dependencies>
	
</info>
